,Simplified,Pinyin,Meaning
0,用来,yònglái,"in order to, so as to"
1,修,xiū,"embellish, decorate, repair, mend, overhaul, build, construct, trim, prune"
2,机场,jīchǎng,"landing field, flying field, airfield, airport, airdrome, field, aerodrome"
3,中东,zhōngdōng,Middle East
4,不用,búyòng,need not
5,妹妹,mèimèi,"little_sister, sis, younger sister, little sister, sister"
6,顾问,gùwèn,"counsellor, advisor, councillor, friend, consultant, counsellorship, counselorship, adviser, counselor"
7,上市,shàngshì,go/appear on market
8,退休,tuìxiū,"to retire, to go into retirement, to step down"
9,肯,kěn,be willing/ready to
10,早,zǎo,"early, premature"
11,权益,quányì,rights and interests
12,店,diàn,"shop, store, inn"
13,够,gòu,quite
14,决定,juédìng,"decision, resolution"
15,审查,shěnchá,"examine, investigate"
16,轻,qīng,"light, agile, alert, easy, simple, rash, reckless, unimportant, frivolous, slight, neglect"
17,处,chù,m.[general]
18,望,wàng,"gaze into distance, observe"
19,年纪,niánjì,"years, old age, age"
20,交易,jiāoyì,"deal, trade, transaction"
21,房间,fángjiān,"apartment, aspect, houseroom, room, chamber, bedroom"
22,性格,xìnggé,"fibre, make-up, mettle, humor, nature, complexion, capacity, mentality, mould, mold, being, streak, temperament, personality, character, fiber, disposition, strain, makeup, make"
23,毕竟,bìjìng,"after all, when all is said and done"
24,词典,cídiǎn,"lexicon, dictionary"
25,平衡,pínghéng,balance
26,哦,ó,softly chant (poem); recite (poem) with cadence
27,苦,kǔ,"be troubled by, suffer from, cause sb. suffering, bitter"
28,拉,lā,"slit, press-gang, help, solicit, lend a helping hand, canvass, draw, zoom, transport by vehicle, pull, release, press, cut, schlep, play (bowed instruments), tote, tug, gash, tow, bend, snake, schlepp, move (troops), solicitation, haul, chat, solicit (business), give a helping hand, drag out, force, play, slash, drum_up, claw, implicate, overstretch, empty the bowels, drag, trail, drag"
29,大小,dàxiǎo,"calibre, measurement, admeasurement, bulk, proportion, magnitude, extent, degree of seniority, dimension, girth, size, adults and children"
30,佳,jiā,"fine, beautiful, distinguished"
31,保留,bǎoliú,"continue to have, retain, hold back, reserve"
32,玩具,wánjù,"yo-yo, bauble, plaything, toy, teether, knickknack"
33,密切,mìqiè,"osculate, intimate, close"
34,不过,búguò,"only, merely"
35,打开,dǎkāi,"unscrew, undo, break_out, open up, unbar, unpack, unwind, shoot, turn, switch_on, open, switch on, unroll, turn/switch on, unclose, straighten, unfold, crack, unwrap, ope, turn_on, turn on, chop"
36,南,nán,"Yugoslavia, South, Nan, south, Surname, S, due south, austral, southern"
37,乱,luàn,"indiscriminate, riot, mix up, arbitrary, confused, throw into diorder, confuse, jumble, confusion, random, mishandle, in a turmoil, in a confused state of mind, snarl, in disorder, disturb"
38,予以,yūyǐ,give
39,供应,gōngyìng,supply
40,文明,wénmíng,"civilization, culture"
41,按,àn,"according to, in accordance with"
42,相处,xiāngchǔ,get along (with one another)
43,供应,gōngyìng,supply
44,相处,xiāngchǔ,get along (with one another)
45,消费,xiāofèi,expenditure
46,激烈,jīliè,"drastic, fierce, heated, acute, sharp, intense"
47,付出,fùchū,"pay, expend"
48,竞争,jìngzhēng,compete
49,基金,jījīn,"finances, endowment fund, foundation, fundation, treasury, fund, corpus, endowment, exchequer, investment firm, investment trust, investment company"
50,好处,hǎochù,"pull, profit, advantage, stead, benefit, virtu, welfare, virtue, good, behoof, goodness, gain, pap, beauty, beaut"
51,作家,zuòjiā,"penster, scribe, ink-slinger, pen, inkslinger, writer, wright, novelist, litterateur, literator, tragedian, composer, author, penman, biobibliography, bookman"
52,若是,ruòshì,"conj.: if, supposing"
53,金钱,jīnqián,"pewter, splosh, green, Oscar, siller, gelt, tin, coin, roll, dollar sign, funds, dollar mark, shekels, wealth, lucre, pecuniary, dinero, bankroll, dough, scratch, bread, means, moolah, shekel, shiner, cabbage, kale, spondulicks, pelf, oof, money, loot, wampum, brass, dollar"
54,落实,luòshí,"fix/decide in advance, ascertain, make sure, fulfill, implement, put into effect"
55,现有,xiànyǒu,"now available, existing"
56,等于,děngyū,"be equal to, tantamount to, equal, be equal, amount, reach, be, be equivalent to"
57,懂得,dǒngde,"experience, know, live, understanding, understand, twig, gaum, grasp"
58,改进,gǎijìn,improve
59,分配,fēnpèi,"distribute, allot, assign"
60,购物,gòuwù,shopping
61,世纪,shìjì,"one C, centred, C, century, age, hundred, 100"
62,共识,gòngshì,"wavelength, common understanding, consensus"
63,分配,fēnpèi,"distribute, allot, assign"
64,航空,hángkōng,"air, aerospace, aerial, air travel, air power, aeronautical, navigation, voyage, aviation, aeronautic"
65,累积,lěijī,accumulate
66,法规,fǎguī,"rule of law, proscription, ordinance, codification, laws and regulations, law, legislation, interdiction, rule, code, statutes, statute, canon, legislative act, law and regulations, prescription, prohibition, ban"
67,程序,chéngxù,"rules of order, parliamentary law, instruction, process, procedure, agenda, instance, parliamentary procedure, system, order, proceeding, programme, method, sequence, course, program"
68,购物,gòuwù,shopping
69,贡献,gòngxiàn,contribution
70,特质,tèzhí,"attribute, distinctive feature, make-up, particularity, ethos, a speciality, point, lineament, colour, identification, property, distinction, thing, speciality, difference, specialty, character, idiosyncrasy, feeling of identity, distinctiveness, specialness, makeup, spot, dimension, peculiarity, quality"
71,任务,rènwù,"imperative, assignment, cue, duty assignment, task, service, chore, labor, errand, job, lookout, undertaking, mission, military mission, duty, project, role"
72,民意,mínyì,"public_opinion, popular will"
73,轻松,qīngsōng,"light, relaxed"
74,军事,jūnshì,"war, martial, military affairs, legion, military"
75,野生,yěshēng,"desert, wild, godforsaken, waste, feral, uncultivated"
76,道,dào,m.[event]
77,形容,xíngróng,"characterize, description, describe"
78,展现,zhǎnxiàn,unfold before one's eyes
79,挑战,tiǎozhàn,a challenge to battle/contest
80,河,hé,"watercourse, stream, Yellow River, fluvial, river, drink"
81,起,qǐ,"to run up, to lift, to rise"
82,满,mǎn,"quite, very"
83,辆,liàng,m.[general]
84,球,qiú,ball
85,同,tóng,"together, in common"
86,其次,qícì,"conj.: next, second"
87,统治,tǒngzhì,"dominate, rule"
88,跳,tiào,"ricochet, make omissions, sell grain, vault, hop, bounce, bound, omission, omit, palpitate, move up and down, skip over, beat, take, spring, skip, dance, hurdle, skip (over), jump, leap"
89,严格,yángé,"rigorously enforce, rigorous, tight, grim, strict"
90,想起,xiǎngqǐ,"retrieve, think back, envisage, hit, echo, remember, think_of, call to mind, recall, recollect, think of"
91,楼,lóu,"storey, Lou, tower, superstructure, storied building, story, floor, Surname, a storied building"
92,投资人,tóuzīrén,investor
93,修改,xiūgǎi,"revise, amend, alter"
94,帮忙,bāngmáng,"assist, aid, smile, lend a hand, do a favour, help, oblige, give a hand, do favor, do a good turn"
95,类型,lèixíng,"category, species, genre, portrait, nature, stamp, cast, type"
96,波,bō,m.[event]
97,毛,máo,"Mao, wool, bristle, nap, pilus, down, feather, mold, mildew, Surname, hair, 1 1 0 th yuan, 1 0 th yuan, dime, silk, cent, fur, marking"
98,饭店,fàndiàn,"restraurant, restaurant, hotel"
99,超越,chāoyuè,"overpass, get_ahead, outdo, overshoot, outstrip, overstep, excel, outgo, outgrow, outmatch, overpeer, surpass, tower, exceed, overrun, outrun, transcend, cut_across, forerun, outclass, soar, transgress, antecede, beggar, break, outdistance, surmount"
100,雨,yǔ,rain
101,必要,bìyào,need
102,旁边,pángbiān,"by the side of, side, adjacency, near by"
103,依然,yīrán,"notwithstanding, natheless, withal, even so, yet, nonetheless, nevertheless, all the same, however, still, as before"
104,看出,kànchū,"perceive, tell, see, espy, discover, discern, make out, descry"
105,旅行,lǔxíng,"travel, journey, tour"
106,熟悉,shóuxī,"know sth. well, know sb. well, get into, ken, have an intimate knowledge of, acquaint, know sth., know ... well, familiar, know sth./sb. well, be familiar with, sb. well"
107,不同,bùtóng,difference
108,抓,zhuā,"clutch, cop, grab, press-gang, scrape, arrest, hent, catch, pay special attention to, be responsible for, scratch up, take charge of, paw, grasp, scratch, claw, nab, clapperclaw, glom, seize, capture, snatch, prehend, stress"
109,餐厅,cāntīng,"dining hall, restaurant, eating place, eating house, hall, dining_room, rathskeller, brasserie, dining room/hall, refectory, dining room, lunchroom, diner, inn"
110,不妨,bùfáng,"there is no harm in, might as well"
111,平等,píngděng,equal
112,困难,kùnnán,"difficulty, straitened circumstances, dire straits"
113,颜色,yánsè,"companion, countenance, pigment, coloring, tincture, dyestuff, colour, facial expression, tinct, grain, colouring, color"
114,谈到,tándào,"cite, speak_to, name, hit, about, speak, refer, speak about, mention, advert, allude, speak_of, speak of, talk about, bring up, touch_on, touch on, touch"
115,弹性,tánxìng,elasticity
116,从此,cóngcǐ,"hereon, hence, henceforth, thereupon, therefrom, from now on, from then on"
117,哈,hā,"sound of laughter, haha"
118,待,dài,till
119,硬体,yìngtǐ,hardware
120,种子,zhǒngzi,"pippin, berry, pip, edible seed, key, spore, seed, canary seed"
121,份子,fènzǐ,"share for a joint undertaking, as in buy, member, gift of money, share for a joint undertaking, as in buying a gift"
122,命运,mìngyùn,"foredoom, lot, appointment, lottery, fortune, chance, dole, circumstances, allotment, predestination, cup, luck, fare, destiny, portion, kismet, fate, doom, line, fatality, weird, hazard, karma"
123,看起来,kànqǐlái,"it looks as if, on the face of it, it appears, it seems, ostensibly, seemingly, apparently, it look as if"
124,规范,guīfàn,"constraint, norm"
125,演奏,yǎnzòu,give instrumental performance
126,癌症,yánzhèng,"carcinomatosis, cancer"
127,艺术家,yìshùjiā,"poet, creative person, longhair, artist, painter"
128,过,guò,"too, excessively"
129,得以,déyǐ,"can, so that...can(may)..."
130,日本人,rìběnrén,"Jap, Nipponese, Japanner, skibby, Nip, Japanese"
131,街,jiē,"county fair, fair, place, market, toby, street"
132,极为,jíwéi,"all, absolutely, extremely, dead, utterly, entirely, eminently, exceedingly, vitally, helluva, definitely, superlatively, totally, completely"
133,先进,xiānjìn,advance
134,难道,nándào,Do you really mean to say that...
135,出发,chūfā,"depart, get_off, proceed, take_the_road, part, set out, start from, start out, sidetrack, start/proceed from, stray, take the road, sally out, sally_forth, proceed from, set_off, sally forth, take off, start, set forth, set off, digress, straggle, start off, move"
136,市府,shìfǔ,city government
137,谘询,zīxún,seek counsel of
138,嘴,zuǐ,"spigot, mug, rattletrap, kisser, trap, puss, visage, spile, nib, smiler, beak, countenance, snout, physiognomy, bill, cake-hole, bazoo, spout, anything shaped or functioning like a mouth, mouth, gob, neb"
139,谘询,zīxún,seek counsel of
140,陪,péi,"companion, see, escort, accompany, keep ... company, keep sb. company, assist, keep company, compensate, company"
141,停,tíng,"stay, cease, put_off, cessation, stop, switch off, cheese, stop over, cut off, halt, turn off, lie at anchor, pause, park"
142,连接,liánjiē,"associate, coupled, conjoin, join, cable, interface, tie_in, joint, tie in, couple up, connect, bring together, couple, relate, conjunct, unite, couple_on, tie, couple on, attach, link"
143,外交,wàijiāo,"diplomatics, diplomatic negotiations, diplomacy, nonintervention, diplomatism, diplomatic, foreign affairs"
144,营业,yíngyè,do business
145,期待,qídài,look forward to
146,骂,mà,"chew_out, vituperate, dispraise, condemnation, condemn, baste, scold, rate, curse, tear_apart, chide, call names, abuse, reprove, rebuke, fling, thunder, reproof, swear"
147,期待,qídài,look forward to
148,授权,shòuquán,"empower, authorize"
149,面前,miànqián,"in_front, in front of, in the front of, in the face of, front, presence, before"
150,始终,shǐzhōng,"all_the_time, from beginning to end, from start to finish, always, all along, evermore, throughout"
151,理解,lǐjiě,"understand, comprehend"
152,正好,zhènghǎo,"just, exactly"
153,多么,duóme,"to what extent, to what degree, however, what, how"
154,澳洲,àozhōu,Australia
155,理解,lǐjiě,"understand, comprehend"
156,特定,tèdìng,"specifically, ad-hoc, given, specially designated, specific, specialized, ad hoc, specified"
157,县长,xiànzhǎng,"praefect, head of a county, county magistrate, county head/magistrate, magistrate, county head"
158,认真,rènzhēn,"serious, earnest, take for real"
159,乐团,yuètuán,"orchestra, philharmonic orchestra, philharmonic society/orchestra, dance orchestra, dance band, band, philharmonic society"
160,认真,rènzhēn,"serious, earnest, take for real"
161,主力,zhǔlì,"brunt, main force, backbone"
162,福利,fúlì,"well-being, fringe_benefit, material benefits, social welfare, weal, welfare"
163,不得不,bùdébù,"cannot but, have to"
164,生意,shēngyì,"business enterprise, vocation, practice, merchant, dealing, patronage, deal, commercial enterprise, trade, biz, business, dealings, racket"
165,情,qíng,"sensibility, soil moisture content, affection, feeling, state of affairs, circumstances, interest, emotion, sentiment, condition, mood, situation, kindness, love, inclination, favour, passion"
166,从小,cóngxiǎo,"from childhood, as a child"
167,展出,zhǎnchū,exhibit
168,看看,kànkàn,"think, consider"
169,取代,qǔdài,"replace, substitute for, replacement, supersede, substitute, supersession, supplant, displace, preempt, outplace, take the place of, displacement"
170,全面,quánmiàn,"overall, comprehensive, all-round, all-out"
171,名称,míngchēng,"title, denotation, compellation, appellative, designation, name, denomination, calling, rubric, appellation"
172,队,duì,m.[general]
173,派,pài,"send, dispatch, assign, appoint"
174,华人,huárén,"Chinese, Ch. people"
175,藉由,jièyóu,depend/rely on
176,生气,shēngqì,"get angry, be angry"
177,县府,xiànfǔ,county government
178,冲击,chōngjí,"lash, pound, charge, assault"
179,资产,zīchǎn,"resource, belongings, holding, material possession, asset, capital fund, competency, substance, property, capital, assets"
180,试,shì,"offer, attempt, essay, flesh, try, seek, assay, test"
181,发出,fāchū,"voice, send_out, give_forth, send out, exhale, sound, fetch, pass off, shoot, effuse, issue, emanate, raise, give, shed, send/give out, utter, go, escape, proceed, send, give forth, give_off, give off, fall, eradiate, emit, flash, scintillate, issue_forth, give_out, give out, clank, reek, place, breathe"
182,毫无,háowú,completely lack
183,停止,tíngzhǐ,"cease, flunk, desist, pass, suspend, stint, pass_off, break_up, stash, cut, stay, cessation, adjourn, rain_out, give, detain, blow_over, seize, give up, balk, cheese, abstain, refrain, knock_off, rest, abandon, break, knock off, drop, go, tie_up, stop, interdict, strike, lay_off, stow, cut off, discontinue, pause, leave_off, leave off, set aside, give_out, cut_out, give_up, delay, quit, cut out"
184,基地,jīdì,base
185,感动,gǎndòng,"be touched, be moved, affect, feel, stir, thrill, melt, magnetize, inspire, touch, reach, move"
186,矛盾,máodùn,contradictory
187,药物,yàowù,"healer, pharmic, medicine, druggery, curative, drug, pharmaceuticals, medicines, medicaments, medicinal, medicament, pharmaceutical, medication, remedy, drugs"
188,不幸,búxìng,unfortunate
189,矛盾,máodùn,contradictory
190,改造,gǎizào,"recast, rebuild, re-form, reconstruct, remake, transformation, remould, transmake, reform, transform, remodel, reorganize, retread, remold, remodify, reshape, remoulding, redo, alter, recreate, transmute, make over, refashion, revamp"
191,感觉,gǎnjué,"feel, perceive, become aware of"
192,董事长,dǒngshìzhǎng,board chair
193,竞争力,jìngzhēnglì,competitive ability
194,中间,zhōngjiān,"center, middle"
195,毛泽东,máozédōng,"CCP leader, founder of PRC"
196,痛,tòng,"ache, pain"
197,采购,cǎigòu,choose and purchase
198,堆,duī,m.[proximation]
199,蛇,shé,"ophidian, serpent, Indian python, snake, Python molurus, viper"
200,有意,yǒuyì,"have a mind to, be interested in"
201,估计,gūjì,"forecast, set, evaluate, rate, gauge, measure, count, assess, calculate, estimate, reckon, appraisal, compute, estimated, value, appraise, put, overrate, make, place, size_up"
202,层次,céngcì,"administrative levels, rank order, arrangement, arrangement of ideas, stratification, levels, gradation, level, grade, hierarchy, coat, place"
203,主导,zhǔdǎo,"leading, dominant, guiding"
204,足够,zúgòu,"fully, enough, last, amply, suffice, sufficiently"
205,林,lín,"circle, group, forest, wood, woods, line, circles, grove, collection of literary works, Lin, Surname, forestry"
206,饭,fàn,"food, meal, repast, cooked rice or other cereals, dinner"
207,号,hào,m.[general]
208,亲自,qīnzì,"personally, in person, firsthand"
209,主导,zhǔdǎo,"leading, dominant, guiding"
210,等到,děngdào,until
211,便宜,piányí,cheap
212,更为,gèngwéi,(even) more
213,天空,tiānkōng,"firmament, heavenly, empyrean, heavens, welkin, blue, canopy, cloud, the heavens, vault, air, sky, the sky, Aether, wild blue yonder, blue air, heaven, blue sky, space"
214,反弹,fǎntán,rebound
215,似,sì,"be similar/like, seem, appear"
216,些,xiē,a little bit
217,爸,bà,"papa, dad, father"
218,训练,xùnliàn,"train, drill"
219,寻求,xúnqiú,"seek, explore"
220,反弹,fǎntán,rebound
221,手法,shǒufǎ,"manoeuvering, artifice, manner, hanky-panky, legerdemain, tactical manoeuver, trick, tactical maneuver, maneuver, technique, play, tactic, manoeuvre, modus_operandi, prestidigitation, stroke, tact, skill, maneuvering, sleight, implement, touch, gimmick"
222,私人,sīrén,"one's own man, private, personal relative, personal friend/relative, personal friend, confidant"
223,光碟,guāngdié,"compact disk, compact disc, CD ROM, compact_disk, CD"
224,立法院,lìfǎyuàn,"general assembly, Legislative House, law-makers, Legislative Yuan/House, Legislative Yuan, legislature, House, legislative assembly"
225,组合,zǔhé,"make up, compose, unite"
226,稍,shāo,"a little bit, any, slightly, a little, mezzo, poco, a bit"
227,层面,céngmiàn,"storey, level, side, story, range, floor, coverage"
228,中研院,zhōngyányuàn,Academia Sinica
229,困扰,kùnrǎo,"perplexity, puzzle"
230,热闹,rènào,"lively, buzzing with excitement"
231,日后,rìhòu,in the future
232,实,shí,"truely, really, actually"
233,热闹,rènào,"lively, buzzing with excitement"
234,喜爱,xǐài,"like, love, be fond of"
235,时,shí,"time (when), period, hour"
236,美好,měihǎo,"fine, happy, glorious"
237,机车,jīchē,"motorbike, motorcycle, put-put, pig, loco, engine, locomotive"
238,韩国,hánguó,"South Korea, Corea, Korea, ROK, Korean"
239,收入,shōurù,"earning, incoming, gainings, finance, ingathering, proceed, receipts, income, coming-in, taking, pocket, earnings, fruit, revenue, proceeds, living"
240,议员,yìyuán,"councillor, member of legislative body, deputy, councilman, council member, legislator, solon, Congresswoman, Member of Parliament, assemblyman, Congressman"
241,卫星,wèixīng,"man-made satellite, artificial satellite, moon, acolyte, satellite"
242,胜,shèng,"be superior to, surpass, succeed, win victory, be victorious, get the better of, can bear, carry, excel, be successful, win"
243,注,zhù,"explanatory note, annotation"
244,彻底,chèdǐ,"thorough, drastic, exhaustive, outright, complete"
245,预定,yūdìng,"predetermination, predetermine, forespeak, preordain, engage, budget, reserve, phase, slate, fix in advance, predestine, state, preconcert, prearrange, take, schedule, destine, bespeak, foreordain, predestinate"
246,房屋,fángwū,"casa, premises, buildings, digging, houses, housing, tenement, house"
247,提醒,tíxǐng,"remind, warn, alert to"
248,盖,gài,"cover, seal, affix seal, surpass, top, prevail over"
249,营运,yíngyùn,"operation, orbit, be in motion, gravitate, run (a program), do business, move"
250,提醒,tíxǐng,"remind, warn, alert to"
251,所在,suǒzài,"ubiety, location, place, locality"
252,详细,xiángxì,"detailed, minute"
253,盖,gài,"cover, seal, affix seal, surpass, top, prevail over"
254,结论,jiélùn,"ultimate, sequitur, consequent, ending, close, inference, closing, end matter, afterword, consequence, verdict, finality, back matter, conclusion, peroration, summation, summing-up, end, upshot, illation, outcome, conclusion (of a syllogism)"
255,反正,fǎnzhèng,"anyway, anyhow, in any case"
256,牛,niú,"ox, cattle, cow"
257,右,yòu,"right side as side of precedence, right side, west, winger, right, the right side, the Right, the right"
258,广泛,guǎngfàn,"extensive, wide-ranging"
259,愉快,yūkuài,"be happy, be cheerful"
260,阵,zhèn,m.[event]
261,愉快,yūkuài,"be happy, be cheerful"
262,优势,yōushì,"ascendence, laterality, preponderancy, vantage, ascendancy, ascendent, transcendency, dominance, predominance, draw, gree, upper_hand, prevalence, advantage, mastery, ascendency, supremacy, advantageousness, control, preeminence, dominion, jump, edge, better, deadwood, overweight, superiority, domination, sovereignty, preponderance, ascendance, transcendence, prepotency, hank, asce"
263,流程,liúchéng,"workflow, course (of river, technological process, process, driftage, manufacturing/technological process/workflow, etc.), course (of river/etc.), course, manufacturing, manufacturing process, technological workflow, circuit, flow"
264,搭,dā,"put up, construct, join together, add (money/etc.)"
265,阶级,jiējí,"state, social class, degree, people, gradation, echelon, persuasion, position, order, class, remove, social status, notch, parity, social rank, sort, step, condition, rank, social station"
266,境界,jìngjiè,"confine, state, delimitation, extent reached, ambit, bourne, realm, hem, boundary, bourn, plane attained, region, precinct, mete, division"
267,大部份,dàbùfèn,"most, gross, heft, generality, mass, majority, det.: most of, the majority of, bulk"
268,限制,xiànzhì,"restrict, confine"
269,连续,liánxù,"continuously, successively"
270,客人,kèrén,"stranger, guest, caller, client, visitant, invitee, company, visitor"
271,秩序,zhìxù,"order, sequence"
272,力,lì,"power, strength, ability, force, physical strength"
273,这儿,zhèēr,"now, here"
274,养,yǎng,"keep in good repair, keep, cultivate, cultivation, form, maintenance, foster, give birth to, convalesce, sustain, nourish, support, provide for, convalescence, grow, raise, maintain, acquire, rest, recuperate"
275,保守,bǎoshǒu,conservative
276,过去,guòqù,"go over, pass by"
277,市立,shìlì,"city-established, municipal"
278,引发,yǐnfā,"trigger, motivate, set, evoke, initiate, evoke emotion, initiation"
279,东方,dōngfāng,"oriental, dawning, northeast, eastward, E, Orient, orient, orientation, the Orient, Surname, sunrise, eastern, eastern hemisphere, Dongfang, due east, East, the East, east, the east"
280,大盘,dàpán,"grail, market quotation, current price"
281,奥会,àohuì,International Olympic Committee
282,财务,cáiwù,"finance, financial affairs, financial"
283,经历,jīnglì,"go through, undergo, experience"
284,面,miàn,m.[general]
285,错误,cuòwù,"error, blunder"
286,爷爷,yéyé,"grandad, Grandpa, granddad, grandpa, (paternal) grandfather, gramps, granddaddy, grandfather"
287,国会,guóhuì,"Storthing, Oireachtas, Cortes, Congress, congress, diet, the Diet, duma, congressional, Capitol, parliament, house"
288,差距,chājù,spatial difference
289,伤害,shānghài,harm
290,委讬,wěituō,"authorize, commend, consign"
291,之所以,zhīsuǒyǐ,conj.: why
292,台,tái,m.[event]
293,赶快,gǎnkuài,"quickly, hastily"
294,移民,yímín,emigrant/immigrant
295,商店,shāngdiàn,"concern, hospital, business, store, shoppe, shop"
296,委讬,wěituō,"authorize, commend, consign"
297,投票,tóupiào,"ballot, tender, bid, poll, cast, cast a vote, vote"
298,同事,tóngshì,"brother, coadjutor, workmate, friend, yokefellow, co-worker, fellow worker, confrere, colleague, stablemate, companion, crew, workfellow, staff, socius, coworker, bedfellow, fellow, haver, rival, comrade"
299,进而,jìnér,conj.: proceeding to the next step
300,将军,jiāngjūn,"problem, mate, general, high-rank officer, marshal, full general, shogun, aga, warlord, tycoon, check"
301,球员,qiúyuán,"ballplayer, player, ball team member"
302,原来,yuánlái,original
303,冷,lěng,"cool, rare, cold, unfrequented, feel cold, chill, frosty(in manner), shot from hiding, strange"
304,感染,gǎnrǎn,"infect, influence, affect"
305,导演,dǎoyǎn,director
306,人间,rénjiān,the human world
307,古,gǔ,"ancient, age-old;not following current customs/practice"
308,感染,gǎnrǎn,"infect, influence, affect"
309,财产,cáichǎn,"aught, belonging, fortune, material possession, cash, riches, substance, assets, property, wealth, belongings, estate, seizin, thing, holding, possession, means, goods, asset, pelf, money, propertied, seisin, res, having"
310,分享,fēnxiǎng,"share (joy/rights/etc.), partake of"
311,遗址,yízhǐ,"ruins, remains, monument, relics"
312,发觉,fājué,"light upon, discovery, find, see, espy, discover, perceive, strike, come upon, detection, come across, happen upon, detect, chance upon, chance on"
313,造型,zàoxíng,"moulding, molding, style, mold, mold-making, fashioning, mould-making, modelling, model"
314,一面,yīmiàn,"at the same time, simultaneously"
315,分享,fēnxiǎng,"share (joy/rights/etc.), partake of"
316,不只,bùzhǐ,"not only, not merely, not_only"
317,不禁,bùjīn,can't help (doing sth.)
318,打破,dǎpò,"shiver, better, explode, smash, crush, fall apart, discomfit, part, shatter, force, murder, wear, break, bust, drub, wear out"
319,忽略,hūluè,"overpass, fail, pretermit, outlook, pass, overlook, neglectful, snub, cut, neglect, marginalize, miss, lose sight of, disregard, slur, ignore, forget"
320,原有,yuányǒu,"originally possess, previously exist"
321,草案,cǎoàn,"ground plan, plan, blueprint, a protocol, skeleton, a draft plan, a draft, sketch, rough, an outline, draft"
322,害怕,hàipà,"dread, be afraid/scared, fearful, frighten, fear, frightened, shrink_from, be afraid, funk, scared, be scared, tremble"
323,身为,shēnwéi,"as, in the capacity of"
324,性能,xìngnéng,"operation, function (of machine, functioning, natural capacity, etc.), capability, behavior, capacity, performance, function, funtion, property, function (of machine/etc.)"
325,活泼,huópō,"lively, vivacious, vivid"
326,记录,jìlù,"record, note"
327,清华,qīnghuá,"Qinghua, National Tsing Hua University"
328,综合,zònghé,"synthetical, comprehensive, multiple, composite"
329,讲话,jiǎnghuà,"parley, jaw, turn to, address, talk, speak, say, speak to"
330,尽量,jǐnliàng,to the best of one's ability
331,违反,wéifǎn,"outrage, depart, offend, violate, go_against, deviate, infringe, diverge, vary, go against, violation, contravene, transgress, infringement, infract, breach, break, run counter to"
332,伟大,wěidà,"great, mighty"
333,金额,jīné,"amount of money, sum_of_money, sum, money, penny, amount/sum of money, sum of money, amount"
334,功课,gōngkè,"task, schoolwork, homework, preparation, prep, subject, lesson"
335,伟大,wěidà,"great, mighty"
336,场地,chǎngdì,"grounds, site, ground, yard, precinct, space, course, place, park, property"
337,庞大,pángdà,"huge, immense"
338,市区,shìqū,"urban area, city proper, row, urban district, downtown, urban_area"
339,巴黎,bālí,"City of Light, French capital, capital of France, Paris"
340,反省,fǎnxǐng,"introspect, self-questioning"
341,主角,zhǔjiǎo,"leading role, title_role, star, protagonist, lead, principal, title role, name part"
342,理事长,lǐshìzhǎng,"presiding officer, chairman_of_the_board, chairman of the board, council chairperson"
343,背后,bèihòu,"rear, in the rear, behind, rearward, at the back, backside, back end"
344,庞大,pángdà,"huge, immense"
345,反省,fǎnxǐng,"introspect, self-questioning"
346,牺牲,xīshēng,"sacrifice oneself, die martyr's death, do sth. at the expense of self or sb. else"
347,天,tiān,"God, Heaven, nature, weather, season"
348,蛮,mán,"pretty, very, quite, more or less, pretty much, fairly, rather, somewhat, to some extent"
349,以便,yǐbiàn,"conj.: so that, in order to, with the aim of"
350,牺牲,xīshēng,"sacrifice oneself, die martyr's death, do sth. at the expense of self or sb. else"
351,预防,yūfáng,"prevent, guard against"
352,争,zhēng,"be short of, disagree, argue, duel, arguement, compete, vie, dispute, contest, fence, be wanting, contend, debate, disputation, strive"
353,种类,zhǒnglèi,"kidney, description, race, form, nature, manner, variety, feather, ordering, ilk, style, class, order, stamp, type, genus, category, stripe, kind, strain, cast, shape, denomination, species, persuasion, league, classification, breed, sort"
354,预防,yūfáng,"prevent, guard against"
355,就业,jiùyè,get or take up a job
356,本土,běntǔ,"mainland, native, one's native country, metropolitan territory, continent"
357,天气,tiānqì,"sky, elements, weather condition, atmospheric condition, weather"
358,夫妻,fūqī,"couple, spouse, pair, man and wife, husband and wife"
359,左,zuǒ,"left side, east, the Left"
360,优点,yōudiǎn,"strong, merit, vantage, excellency, perfection, assets, beaut, advantage, excellence, upside, strong_point, good point, virtue, desert, desirability, strong point, long_suit, beauty, strong/good point, desirableness"
361,嗯哼,ēnhēng,well
362,就业,jiùyè,get or take up a job
363,事物,shìwù,"proposition, pigeon, object, thing, affair, un"
364,困境,kùnjìng,"hell, soup, muddle, hell on earth, kettle of fish, embarrassment, mess, straits, stymie, hot potato, jam, hole, swamp, howdo-you-do, dilemma, spot, inferno, corner, difficult position, adversity, scrape, lurch, the pits, mire, box, fix, hot_potato, hardship, squeeze, pickle, dire straits, extremity, bind, puzzledom, morass, difficulty, quagmire, predicament"
365,呼籲,hūyū,appeal to
366,据说,jùshuō,"they say, it is said, it is said that..., reputedly, allegedly"
367,人事,rénshì,"personnel, ways of the world, what is humanly possible, human affairs, occurrences in human life, consciousness of the outside world, personnel matters"
368,大学生,dàxuéshēng,"man, university/college student, college man, university student, colleger, university, undergrad, undergraduate, college boy, college student, collegian, university_student, undergraduate student, geeks"
369,洗,xǐ,"wash, bathe, sack, develop (film), shuffle (cards/etc.)"
370,农村,nóngcūn,"country, village, countryside, rural area"
371,数学,shùxué,mathematics
372,女士,nǔshì,"senorita, lady, Ms., mum, Senora, educated girl, educated woman, madonna, madam, Miss, woman, ma'am, Madame, madame, gentlewoman, senhorita, dame, mademoiselle"
373,风气,fēngqì,"mores, ethos, order_of_the_day, climate, established practice, genius, genius loci, atmosphere, tone, general mood, common practice, fashion"
374,必然,bìrán,"surely, inevitably, pardi, certainly"
375,难得,nándé,"hard to come by, rare, seldom"
376,乐器,yuèqì,"chime, axe, musical instrument, instrument"
377,果然,guǒrán,"really, as expected, sure enough"
378,安非他命,ānfēitāmìng,"amphetamine sulphate, amphetamine, pep pill, pep bill, speed, benny, upper"
379,床,chuáng,bed
380,局,jú,m.[event]
381,指,zhǐ,point at/to/out
382,戏,xì,"drama, play, show"
383,除非,chúfēi,"conj.: only if/when, unless"
384,订,dìng,"subscribe to, agree on, revise, draw up, staple together, book (seats), conclude, order, book, subscribe, make corrections"
385,研究员,yánjiùyuán,"fellowship, research worker, investigator, boffin, researcher, research_worker, research fellow"
386,唉,āi,"mild exclamation/sigh, Gosh!, My!"
387,着手,zhuóshǒu,"put hand to, initiatory, begin, set to, set_out, institute, proceed, start up, turn_to, fall, spring-clean, embark, go_about, undertake, accede to, enter upon, get to work, set about, commence, enter, put one's hand to, start"
388,热烈,rèliè,ardent
389,按,àn,"press, push down"
390,能源,néngyuán,"energy sources, energy, juice, power sources, energy resources, the sources of energy, sources of energy"
391,其余,qíyū,"etceteras, det.: others, remainder, the rest"
392,找出,zhǎochū,"rout out, find, unearth, rout up, rout, quest, observe, notice, grub, seek_out, dig_out, seek out, discover, find_out, root_out, spy, spot, detect, smoke out"
393,影片,yǐngpiàn,"celluloid, movie_film, flick, production, film, pic, movie"
394,白色,báisè,"White, white, whiteness, White (as symbol of anticommunism), white (color)"
395,可以,kěyǐ,"passable, pretty good, not bad"
396,等待,děngdài,"wait for, await"
397,创作,chuàngzuò,"create, produce, write"
398,等待,děngdài,"wait for, await"
399,年度,niándù,(school/etc.) year
400,慢,màn,"tardy, rude, slow down, slow, slow up, retard, lose, defer, supercilious, postpone, decelerate"
401,缺点,quēdiǎn,"privilege, bug, failing, flaw, demerit, blemish, debit, limitation, mar, defect, glitch, foible, infirmity, blot, vice, drawback, disadvantage, imperfection, blemishment, weakness, tache, defection, shortcoming, malady, frailty, fault"
402,接近,jiējìn,"approach, near, be close to"
403,数据,shùjù,data
404,缺,quē,"be short of, lack"
405,中,zhōng,[aspect]
406,条例,tiáolì,"rules, regulation, enactment, regulations, ordonnance, ordinance, statute, act, prescription, ordinances"
407,药,yào,"healer, medicine, certain chemicals, drug, medicament, medicinal drug, aspirin, medication, remedy, physic"
408,报告,bàogào,"report, make known"
409,身边,shēnbiān,"nearby, side, at hand"
410,改为,gǎiwéi,"change ... into, change to"
411,指标,zhǐbiāo,"directive, characteristic, guideline, quota, index, norm, indication, fingerboard, indicant, loadstar, guiding principle, target, needle, fingerpost, pointer, indicator"
412,沿,yán,along
413,设定,shèdìng,"frame, time"
414,眼光,yǎnguāng,"brainstorm, eye, penetration, view, brainwave, way of looking at things, foresight, discernment, insight, vision, judgment, sight, taste"
415,设定,shèdìng,"frame, time"
416,聪明,cōngmíng,"intelligent, bright, clever"
417,下列,xiàliè,"listed below, following"
418,打电话,dǎdiànhuà,make telephone call
419,举,jǔ,"lift, raise, hold up, cite, propose"
420,医学院,yīxuéyuàn,"faculty of medicine, medical school, school of medicine"
421,参考,cānkǎo,reference
422,大自然,dàzìrán,"wild, earth, nature, natural state, state of nature"
423,骑,qí,"ride/sit astride, ride astride, override, get_onto, sit on the back of, sit, stride, ride_on, ride, mount, pedal, sit astride, bestraddle"
424,人际,rénjì,human relation
425,汉人,hànrén,"Han, Han people, people of Han Dynasty, Han person/people, Han person, people, the Hans, the Han people, Han ethnic group"
426,剩下,shèngxià,"be left over, leave, be left (over), be left, remain"
427,传播,chuánbò,"disseminate, propagate, spread"
428,自从,zìcóng,since
429,传播,chuánbò,"disseminate, propagate, spread"
430,冠军,guànjūn,champion
431,学会,xuéhuì,"learned society, (scholarly) association"
432,海洋,hǎiyáng,"briny, profound, main, deep, sea, oceanic, Neptune, brine, nautical, ocean, seas and oceans"
433,彷彿,fǎngfú,"seem, be like"
434,东京,dōngjīng,"Japanese capital, Tokio, Tokyo, Yeddo, Tongking, Yedo, capital of Japan, Edo, Tonkin"
435,负担,fùdān,"burden, load, encumbrance"
436,知名,zhīmíng,"noted, famous"
437,那儿,nǎēr,that place
438,争议,zhēngyì,"controvert, controversy, dispute, disputation"
439,实质,shízhí,"quintessence, substantial, essence, meat, parenchyma, kernel, substantiality, measure, being, quiddity, solidity, substance, matter"
440,查询,cháxún,inquire into/about
441,校务,xiàowù,administrative affairs of school/college
442,部队,bùduì,"military personnel, troops, troop, regular army, soldiery, army, party, company"
443,火车,huǒchē,"choo-choo, railroad train, car train, marshalling_yard, puff-puff, train"
444,幼稚园,yòuzhìyuán,"nursery school, preschool, infant_school, kindergarten"
445,话题,huàtí,"talking_point, theme, gambit, subject of a talk, ground, talk, talking point, topic, chapter, topic of conversation"
446,感谢,gǎnxiè,"thank, be grateful"
447,奖金,jiǎngjīn,"pewter, gainings, money award, gratuity, bounty, stakes, subsidy, prix, premium, incentive, prize money, perquisite, purse, winnings, stake, prize, bonus, gratification"
448,大师,dàshī,"great master, lord, workmaster, artiste, Very Reverend, overlord, master, priest, maestro, non-Christian priest, Great Master"
449,联络,liánluò,contact
450,原始,yuánshǐ,"original, firsthand, primeval, primitive"
451,北市,běishì,capital of Republic of China on Taiwan
452,课题,kètí,"task, problem, question for study, subject, topic, question for discussion, discussion, topical, question for study/discussion"
453,路线,lùxiàn,"track, path, cart track, way of life, itinerary, route, cartroad, course, road, channel, line, way, routeway, pipeline, curriculum"
454,信仰,xìnyǎng,belief
455,英雄,yīngxióng,hero
456,契约,qìyuē,"legal instrument, charter, bond, bargain, covenant, legal document, compact, stipulation, agreement, instrument, bargaining, pact, obligation, clause, paction, booking, affiance, indenture, promise, article, contract, concordat, official document, deed, handfast"
457,订定,dìngdìng,"provide, prescribe"
458,批评,pīpíng,criticize
459,法院,fǎyuàn,"judicature, (law) court, judicatory, bar, courthouse, law court, court, tribunal, judiciary, banc, court of justice, jug, banco, forensic"
460,订定,dìngdìng,"provide, prescribe"
461,爱情,àiqíng,"god, warmheartedness, affection, love_affair, heart, kindness, tenderness, bosom, love, fondness, romantic love, affectionateness"
462,依据,yījù,"according to, on the basis of, judging by"
463,适用,shìyòng,"applicable, lend oneself, apply, be applicable, suit"
464,学位,xuéwèi,"academic_degree, degree, academic degree"
465,水库,shuǐkù,reservoir
466,千,qiān,det.: thousand
467,民主,mínzhǔ,democratic
468,赞成,zànchéng,"endorsement, agree with, stand, assent, favor, cotton, uphold, subscribe, support, see, clear, approve, agree, sympathize, second, approve of, jibe, assist, indorse, optional, plump_for, favour, endorse"
469,好奇,hàoqí,"curious, full of curiosity"
470,科威特,kēwēitè,"Koweit, Kuwait, capital of Kuwait"
471,体会,tǐhuì,"know/learn from experience, realize"
472,熊猫,xióngmāo,"lesser panda, panda bear, binturong, giant panda, Ailurus fulgens, coon bear, Ailuropoda melanoleuca, red panda, panda, bear cat, cat bear, Arctictis bintourong, bearcat"
473,暂时,zhànshí,temporarily
474,万,wàn,"det.: ten thousand, myriad, multitudinous"
475,较为,jiàowéi,"fairly, kind of, rather, sort of, comparatively, kinda, a little, relatively"
476,单纯,dānchún,"simple, pure, plain, artless"
477,透露,tòulù,"expose, disclose, divulge, develop, impart, unrip, confide, sound, fall, disembosom, get around, reveal, let_on, disclosure, let on, leakage, divulgence, get out, discover, let out, leak, declare, break, give away, bring out"
478,品牌,pǐnpái,"brand, make, trademark"
479,候选人,hòuxuǎnrén,"aspirant, nominee, campaigner, candidate, candidate (for election)"
480,单纯,dānchún,"simple, pure, plain, artless"
481,看来,kànlái,"it looks as if, it appears, it seems, it look as if"
482,内涵,nèihán,"intension, comprehension, intention, connotation"
483,登记,dēngjì,"register, check in"
484,棵,kē,"head, tuft, m.[general],"
485,会长,huìzhǎng,president (of club/society/etc.)
486,核心,héxīn,"nub, nucleus, meat, heart, core group, substance, center, core, the center, crux, essence, root, kernel, nitty-gritty, inwardness, pith, sum, marrow, bosom, gist"
487,家具,jiājù,"household goods, movable, furnishings, furniture, home furnishings, household stuff, implement, household furnishings, fitment"
488,座谈会,zuòtánhuì,"colloquium, symposiac, panel_discussion, an informal discussion meeting, symposium, teach-in, forum, symposia, conversazione, panel discussion"
489,症状,zhèngzhuàng,symptom
490,火,huǒ,"fire;internal heat, anger, temper;firearms, ammunition"
491,一带,yīdài,"neighborhood, area, region, district"
492,患者,huànzhě,"patient, subject, sufferer"
493,很少,hěnshǎo,seldom
494,有名,yǒumíng,"well-known, famous"
495,依照,yīzhào,"according to, in light of"
496,忘记,wàngjì,"misremember, block, blank out, neglect, overlook, draw a blank, leave_out, disremember, fail, forget"
497,小型,xiǎoxíng,"spyglass, miniature, small-sized, bar, small-scale, pettiness"
498,占,zhàn,"constitute, make up, account for"
499,手段,shǒuduàn,"resource, recourse, vehicle, wile, stratagem, gambit, artifice, instrument, twist, road, trick, ploy, shift, resort, polity, step, instrumentation, plan of attack, communication, artillery, finesse, means, channel, approach, implement, medium, gimmick, attack, device, refuge, method, instrumentality, stepping-stone, gateway, ministry, measure, way, tactic, expedient, quomodo, machinery, t"
500,优秀,yōuxiù,"outstanding, excellent"
501,倒是,dàoshì,"actually, contrariwise"
502,明星,míngxīng,"headliner, lucida, (movie/etc.) star, impersonator, (movie, famous performer, stardom, Venus, star, etc.) star, movie_star"
503,吸收,xīshōu,"absorb, suck up, assimilate, recruit"
504,人格,réngé,"lot, fibre, fiber, character, spirit, selfhood, manhood, personality"
505,指数,zhǐshù,"exponential, index, index number, index (number), indicant, exponential function, exponent, power, index_number, indicator"
506,做好,zuòhǎo,do well
507,动态,dòngtài,"situation, the movement (in a certain sphere of human activity), development, trend, dynamic state, dynamic, trends"
508,游泳,yóuyǒng,"fin, swim, bathe"
509,不如,bùrú,be unequal/inferior to
510,出生,chūshēng,be born
511,遂,suì,"accordingly, therewith, and then, and so, thereupon, so, with that, then"
512,当作,dāngzuò,"regard_as, regard as, look upon as, treat as, presume"
513,会,huì,"can, be able to, be good at, be skillful in"
514,学问,xuéwèn,"lear, ology, lore, knowledge, learning, acquirement, learnedness, cognition, erudition, letter, eruditeness, scholarship"
515,尝试,chángshì,"attempt, try"
516,全民,quánmín,"whole/entire people, all the people"
517,部落,bùluò,tribe
518,赚,zhuàn,"knock_up, garner, take in, clear, make profit, earn, gain, draw, realize, make a profit, do, bring_in, get, pull_in, make, bring in, pick_up, pull in"
519,联合国,liánhéguó,"alignment, United Nations, United_Nations, alliance, confederation, coalition, confederate, alinement, UN"
520,摆,bǎi,"place, put, arrange"
521,赚钱,zhuànqián,"profit, gain, make profit, cash in on, earn money, make money"
522,与会,yǔhuì,participate in conference
523,鸟类,niǎolèi,"clutch, avian, avifauna, sanctuary, birdlife, feather, Aves, birds"
524,答应,dāyìng,"agree, promise"
525,挂,guà,"hang, put up, hitch, ring up"
526,石头,shítou,"stony, chimney, rock, lapis, stone"
527,挫折,cuòzhé,"frustratio, rebuff, defeat, founder, frustration, reverse, breakdown, blight, setback, throwback, abortion, backset, flivver, dash, cross"
528,飞行,fēixíng,fly
529,行程,xíngchéng,"throw, travel, tenor, itinerary, route, journey, route/distance of travel, distance of travel, stroke, route of travel"
530,理性,lǐxìng,reason
531,夫人,fūrén,"Lady, lady, memsahib, milady, Dona, Mistress, dona, grande dame, donna, Mrs, mum, Senora, grace, senora, Mrs., madam, Frau, miladi, missus, senhora, wife, ma'am, Madame, madame, missis, Ladyship, Signora, signora"
532,累,lèi,"tire, build by piling up, pile up, strain, weary, toil, accumulate, involve, tired, burthen, work hard, accumulation, fatigued, wear out"
533,转变,zhuǎnbiàn,"change, transform"
534,本质,běnzhí,"suchness, basic nature, intrinsic quality, substantial, essentiality, innate character, entity, essential quality, basics, inbeing, essential, nature, self, feather, intrinsic, quiddity, being, substance, metal, quintessence, principle, kind, hypostasis, essence, fiber, internal, spirit, inwardness, woof, basis, gist"
535,上班,shàngbān,"start work, go to work, be on duty"
536,兴奋,xīngfèn,excited
537,那边,nàbiān,"beyond, that side, there"
538,兴奋,xīngfèn,excited
539,带动,dàidòng,"drive, spur on, bring along"
540,急,jí,"rapid, fast, violent"
541,带动,dàidòng,"drive, spur on, bring along"
542,捷运,jiéyùn,Rapid Transit
543,诸,zhū,"various, Zhu, det.: all, Chu"
544,广,guǎng,"wide, spread, vast, expand, numerous"
545,庆祝,qìngzhù,"fete, celebration, keep, festive, commemorate, celebrate, observe, rejoice, felicitate"
546,司机,sījī,driver
547,难过,nánguò,"uncomfortable, feel bad, feel sorry, have hard time, bad, sad, have a hard time, be grieved, sorry"
548,高雄市,gāoxióngshì,Kaohsiung city (a city in Taiwan)
549,习惯,xíguàn,be accustomed/used to
550,出席,chūxí,"attend, be present"
551,外界,wàijiè,"external world, external/outside world, the outside world, outside, environment, outside world, externality, external, the external world"
552,女孩子,nǔháizi,"babe, colleen, sissy, popsy, gal, girl"
553,语法,yǔfǎ,"phraseology, parlance, language, syntax, locution, sentence structure, grammar, expression, wording, phrasing, phrase structure, diction"
554,页,yè,"page, leaf, m.[general], ,sheet of paper, sheet, piece, piece of paper, folio"
555,阅读,yuèdú,"study, read, peruse"
556,头,tóu,m.[general]
557,借,jiè,lend
558,拍摄,pāishè,"take (picture), shoot (film)"
559,家族,jiāzú,"tribe, covey, family line, race, household, menage, ilk, kinfolk, kin, clan, kinsfolk, phratry, kinship group, kindred, folk, people, kin group, sept, family"
560,身心,shēnxīn,body and mind
561,专门,zhuānmén,"special, specialized"
562,可怜,kělián,"condole with, have pity on, sympathize with, abject, compassionate, lugubrious, feel for, pity"
563,舞蹈,wǔdào,"dancing, saltation, nautch, dance, terpsichore, choreography, stage dancing"
564,味道,wèidào,"gustatory perception, gust, tang, taste perception, feeling, savor, flavor, taste sensation, savour, streak, flavour, relish, sapidity, smatch, soupcon, tincture, tasting, smell, smack, gustatory sensation, suggestion, snack, taste"
565,个案,gèàn,case (in law/etc.)
566,事先,shìxiān,"ahead, beforehand, in advance, in_advance, aforetime, aforehand"
567,大专,dàzhuān,community colleges
568,下面,xiàmiàn,"next, lower level, underside, following, underneath, subordinate, undersurface"
569,下,xià,m.[activity]
570,练习,liànxí,"practice, exercise"
571,就算,jiùsuàn,"conj.: even if, granted that"
572,南非,nánfēi,South Africa
573,表情,biǎoqíng,"brow, air, countenance, glow, look, cast, visage, expression, facial expression, gesture, business, dramatics, facial gesture"
574,耶,yé,particle: used when informing sb. of st.; expressing exclamation
575,藉着,jièzhe,depend/rely on
576,以致,yǐzhì,"conj.: so that, with the result that"
577,自杀,zìshā,commit suicide
578,助理,zhùlǐ,"aide, adjunct, coadjutant, assistant, ancillary, auxiliary"
579,自杀,zìshā,commit suicide
580,洞,dòng,"aperture, hole in the ground, kennel, puncture, excavation, perforation, bore, cave, howe, opening, gap, hole, orifice, scoop, hollow, cavity"
581,测试,cèshì,test
582,台北市,táiběishì,Taipei
583,欧美,ōuměi,Europe and America
584,奖励,jiǎnglì,"reward, award"
585,杯,bēi,m.[container]
586,体验,tǐyàn,learn through practice/experience
587,浪费,làngfèi,"waste, squander"
588,体验,tǐyàn,learn through practice/experience
589,个人电脑,geréndiànnǎo,"personal computer, personal_computer, PC"
590,本人,běnrén,"myself, principal, in person, I, me, oneself, identity"
591,口,kǒu,"opening, entrance, gate, crossing, intersection, river month"
592,质疑,zhíyí,"call in question, challenge"
593,血液,xiěyè,blood
594,走向,zǒuxiàng,"move toward, head for"
595,形态,xíngtài,"configuration, figuration, pattern, conformation, form, modality, appearance, contour, shape, morphology, morph"
596,步骤,bùzòu,"process, instance, demarche, method, measure, approach, procedure, place, step, move"
597,视觉,shìjué,"seeing, vision, visual sense, visual sensation, ocular, eyesight, sight, visual"
598,正面,zhèngmiàn,"right side, head, head-on, face, front, the right side, facade, obverse/right side, the obverse side, frontispiece, frontal, frontage, obverse side, obverse"
599,收费,shōufèi,"collect fees, charge"
600,促使,cùshǐ,"incite, prod, prompt, spur, send, motive, induce, trigger, urge, bring on, cause, propel, shame, instigate, impel, actuate, motivate, bear on, push, get, move"
601,补助,bǔzhù,subsidize
602,阶层,jiēcéng,"section, circle, degree, social stratum, stratum, echelon, hierarchical, walk in life, walk_of_life, rank"
603,期望,qíwàng,"expectation, hope"
604,实验室,shíyànshì,"lab, science lab, laboratory"
605,皮肤,pífū,"leather, chap, integument, hide, cutis, complexion, brunet, cutaneous, bark, fell, derma, brunette, skin, transplant"
606,病患,bìnghuàn,"disease, illness, sickness, ailment, patient"
607,武器,wǔqì,"enginery, steel, arming, armament, weapons system, hardware, armored, armature, munition, weaponry, artillery, implements of war, armory, arms, ammunition, armor, weapon, arm, armoring"
608,日益,rìyì,increasingly
609,大都,dàdōu,"for the most part, mostly"
610,奖,jiǎng,"award, prize, reward"
611,检讨,jiǎntǎo,"discuss thoroughly, self-criticize"
612,萤幕,yíngmù,"television set, silver screen, monitor, screen, projection screen, fluorescent screen"
613,检讨,jiǎntǎo,"discuss thoroughly, self-criticize"
614,禁止,jìnzhǐ,"estop, inhibit, bar, outlaw, banish, forbid, suppress, interdict, defend, taboo, veto, prohibit, enjoin, blackball, restrain, debar, proscribe, negative, disallow, relegate, nix, prohibition, ban"
615,起来,qǐlái,"to stand up, to rise"
616,辅大,fǔdà,FuJen Catholic University
617,旅客,lǔkè,"journeyer, guest, hotel guest, traveler, traffic, wayfarer, viator, rider, traveller, passer, passenger"
618,绘画,huìhuà,painting
619,用,yòng,"use, good"
620,生,shēng,"unripe, green, raw, uncooked, unprocessed, crude, unfamiliar, strange, stiff, mechanical"
621,脚步,jiǎobù,"footfall, tread, pace, foot, footstep, step"
622,设计师,shèjìshī,"architect, designer, stylist"
623,救,jiù,"relief, relieve, help, salve, salvage, rescue, save, succour"
624,纳入,nàrù,"take_in, bring ... into, to intake, integrate, to subsume, channel ... into, incorporate, channel into, bring into, to bring into, to fit into"
625,南部,nánbù,"meridional, the southern part of the country, southern part, South, south, the south"
626,害,hài,"harm, injure, kill"
627,计程车,jìchéngchē,"hack, taxicab, taxi, (metered) taxi, taximan, cab"
628,光,guāng,"solely, merely, only"
629,贵,guì,"expensive, costly, highly valued"
630,现代化,xiàndàihuà,modernize
631,破,pò,"tear, split up, defeat, expose, eradicate, lay bare, cleave, expose the truth of, worn-out, break with, come apart, destroy, capture (city/etc.), defeat (enemy), broken, expose (lie/etc.), destruction, cut, separate, tattered, reveal truth, fall apart, beat, capture, split, not intact, rupture, get rid of, do away with, break"
632,吹,chuī,"fall through (of plans), wind, fall through, tout, play, gasconade, shoot a line, blow, break up, chuff, vaunt, boast, brag, gas, bluster, talk big, break off, toot, swash, play (wind instruments), huff, puff, land"
633,勇气,yǒngqì,"gameness, pluck, guts, mettle, braveness, grit, heart, moxie, courage, backbone, boldness, pride, gutsiness, nerve, pecker, courageousness, valour, spirit, spunk, gallantry, valor, virtue, audacity, bravery, pluckiness, gumption, sand, gut, valiance"
634,现代化,xiàndàihuà,modernize
635,气候,qìhòu,"situation, clime, climatic, climate, weather, climactic"
636,化学,huàxué,"chemical science, chymistry, stink, chemical, chemistry"
637,巴西,bāxī,Brazil
638,人权,rénquán,human rights
639,这么多,zhèmeduō,det.:so much/many
640,生涯,shēngyá,"career, pilgrimage, profession, time"
641,文件,wénjiàn,"page, documental, archive, writ, documents, data file, paper, document, judicial writ, literature, circular, documentation, portfolio, archives, file, written document, papers"
642,简直,jiǎnzhí,"simply, really"
643,导向,dǎoxiàng,orientation
644,仪式,yíshì,"religious rite, ceremonial occasion, deeds, practice, form, rituality, office, formality, ritual, circumstance, ceremony, formalness, exercise, powwow, observance, ceremonial, rite, works"
645,用途,yòngtú,"purpose, service, help, use, value, mileage, avail"
646,生长,shēngzhǎng,"grow, develop"
647,舞台,wǔtái,"board, arena, bandstand, stage, proscenium, boards"
648,逢,féng,"meet, come upon"
649,生长,shēngzhǎng,"grow, develop"
650,义工,yìgōng,volunteer
651,科学家,kēxuéjiā,scientist
652,业主,yèzhǔ,proprietor
653,军队,jūnduì,"military personnel, troops, armed forces, armament, military, soldiery, force, Sabaoth, array, army troops, military unit, host, military force, cohort, battalion, legion, troop, regular army, army, armed_forces, rank"
654,各自,gèzì,"each, respective, severalty, oneself"
655,如果说,rúguǒshuō,conj.: if
656,案件,ànjiàn,"a police case, law case, case (of law/etc.), a legal case, case"
657,爆发,bàofā,"erupt, burst/break out"
658,有如,yǒurú,"seem, be like"
659,各界,gèjiè,"all circles, all walks of life"
660,题目,tímù,"exam questions, head, lemma, theme, thesis, examination questions, question, text, title, ground, subject, topic, exercise problems, chapter, caption, rubric, heading"
661,街头,jiētóu,"street corner, street_corner, street (corner), street"
662,宽,kuān,"wide, broad, generous, lenient, comfortably off, well-off, relax, relieve, extend"
663,有如,yǒurú,"seem, be like"
664,爆发,bàofā,"erupt, burst/break out"
665,底,dǐ,"underside, bottom, base, end, ground"
666,决策,juécè,policy decision
667,抱,bào,"hold/carry in arms, adopt, hatch, brood"
668,故宫,gùgōng,"former imperial palace, National Palace Museum, Palace Museum"
669,杰出,jiéchū,"excel at, exceed, shine at, outstanding, stand_out"
670,窗,chuāng,"winnock, aspect, window, casement"
671,说明,shuōmíng,"explanation, illustration, show"
672,粮食,liángshí,"victuals, victualage, provisions, nutrient, ration, sustentation, provision, provender, food, purveyance, sustenance, foodstuff, commissariat, cereals, bread, viands, grain"
673,固然,gùrán,"conj.: though, although"
674,变迁,biànqiān,"vicissitudinary, change"
675,议题,yìtí,"item on the agenda, head, question, topic for discussion, topic for/under discussion, topic under discussion, subject under discussion, under discussion, topic for"
676,凡,fán,conj.: whatever
677,太多,tàiduō,det.: a lot of
678,民俗,mínsú,"folklore, folk, folk custom, folkways"
679,唱片,chàngpiàn,"pressing, waxing, cut, disc, phonogram, phonograph record, record, disk, wax, phonorecord, platter, recording, gramophone record, phonograph recording"
680,实验,shíyàn,"test, experiment"
681,处于,chǔyū,"go, be in, be (in a certain condition)"
682,效益,xiàoyì,"beneficial result, benefit"
683,古典,gǔdiǎn,classical
684,构想,gòuxiǎng,proposition
685,期望,qíwàng,expect/hope earnestly
686,推荐,tuījiàn,recommend
687,收集,shōují,"collect, gather"
688,推荐,tuījiàn,recommend
689,命,mìng,"life, lot, fate, destiny"
690,车辆,chēliàng,"voiture, vehicular traffic, vehicle, cars, vehicle traffic, car, vehicles, carriage, rolling_stock, equipment"
691,收集,shōují,"collect, gather"
692,实践,shíjiàn,practice
693,商人,shāngrén,"merchandiser, trader, businessman, merchant, monger, trafficker, chapman, dealer, cit, merchantman, tradespeople, merchantry, bargainer, man of affairs"
694,华航,huáháng,China Airlines
695,头发,tóufǎ,"barba, chevelure, lock, head of hair, hair, tress, mane, hair (on human head)"
696,实践,shíjiàn,practice
697,描述,miáoshù,describe
698,潮流,cháoliú,"stream, tidal flow, tidal_current, tideway, trend, movement, wind, sea, fashion, tide, tidal current"
699,若干,ruògān,"det.: a certain number, how many"
700,方,fāng,"just, only just/then"
701,台湾人,táiwānrén,Taiwanese
702,领袖,lǐngxiù,"foreman, leader, head, guru, cob, doyen, cacique, Duce, duce, gaffer, chief, boss, soul, sovereign, honcho"
703,众多,zhòngduō,"multitudinous, numerous"
704,故意,gùyì,"purposive, deliberate, willful, intentional"
705,和谐,héxié,"harmonious, concordant"
706,取缔,qǔdì,"ban (publication old custom etc.), punish violator"
707,抽,chōu,"lash, whip, thrash"
708,大地,dàdì,"terra_firma, mother earth, mold, earth, soli"
709,大门,dàmén,"barndoor, portal, main entrance, front_door, gate, door, entry, main door/gate, front door, main entrance/door/gate, entrance"
710,追,zhuī,"reminiscence, to pursue, course, reminisce, trace, chase after, recall, follow, chase, pursue, go after, to chase after, look into, pursuit, heel, chevy, find out, get to the bottom of, seek, run after"
711,性别,xìngbié,"sexuality, grammatical gender, sexual distinction, sex, gender"
712,邀,yāo,invite
713,入学,rùxué,"enter a school, enrol, college, enter school, enter, start school, matriculate, enter college"
714,伤害,shānghài,"injure, harm"
715,更新,gēngxīn,"renew, replace"
716,呈,chéng,"assume (form, color, etc.)"
717,更新,gēngxīn,"renew, replace"
718,中学,zhōngxué,"middle_school, grammar_school, secondary school, Ch. learning, middle school, high_school, grammar school"
719,吴,wú,"Wu, Wu Kingdom (222-280), a leading authority on Ming history, Wu Kingdom, southern Jiangsu and northern Zhejiang, Zhou period state, Surname"
720,保障,bǎozhàng,"ensure, guarantee, safeguard"
721,书籍,shūjí,"volume, page, classic, books, fascicule, works, literature"
722,四周,sìzhōu,"all around, fringe, surrounding, periphery, environment, outer boundary, on all sides, on every side, vicinity"
723,客观,kèguān,objective
724,户,hù,m.[general]
725,检验,jiǎnyàn,"test, examine, inspect"
726,蒐集,sōují,"collect, gather"
727,检验,jiǎnyàn,"test, examine, inspect"
728,独特,dútè,"special, distinctive, unique"
729,无奈,wúnài,be helpless
730,肉,ròu,"pulp, chilli, cabobs, meat, lobscouse, paella, meaty, fleshy, flesh, marmite"
731,无限,wúxiàn,"infinite, limitless"
732,观赏,guānshǎng,"enjoy sight of, see and enjoy"
733,可能性,kěnéngxìng,"possible action, chance, potentiality, likelihood, probability, expectation, contingency, potential, opening, odds, eventuality, expectancy, possibility, feasibleness, capability, capableness, presumption, likeliness, possible, feasibility"
734,无奈,wúnài,be helpless
735,现代人,xiàndàirén,"contemporary, neoteric, modernist, modern man, Homo sapiens sapiens, modern"
736,情势,qíngshì,"aspect, things, appearance, terrain, topographical features, trend of events, circumstances, situation, plight, swim, regime"
737,推展,tuīzhǎn,expand
738,师大,shīdà,"normal university, National Taiwan Normal University"
739,宣布,xuānbù,"declare, proclaim, announce"
740,律师,lùshī,"scribe, counsellor, advocate, gown, avocat, solicitor, barrister, lawyer, counsel, jurist, counselor, counselor-at-law, attorney"
741,宣布,xuānbù,"declare, proclaim, announce"
742,波斯湾,pōsīwān,Persian Gulf
743,饮食,yǐnshí,"dietetic, fare, food and drink, trencher, refection, diet"
744,睡觉,shuìjiào,"turn_in, log Z's, doss, slumber, catch some Z's, go to bed, sleep, doss down, crash, go_to_sleep, hit_the_sack, kip"
745,空,kòng,"free, with spare time"
746,联合,liánhé,"unite, ally"
747,可见,kějiàn,therefore
748,访,fǎng,"see, visit, pay a visit, seek by search, try to get, search, call on, seek by inquiry/search, seek by inquiry or search, seek by inquiry"
749,电力,diànlì,"electrical line of force, electrical energy, power, electricity, potential, electric power"
750,失望,shīwàng,"become disappointed, lose (hope/faith)"
751,乡,xiāng,"home village/town, country, countryside, native place, rural area, town, village, township (under county), township, country(side), home village, hamlet, home town"
752,旅馆,lǔguǎn,"gasthaus, caravanserai, nonresident, roadhouse, hotel, lodge, hostler, hostel, fonda, ordinary, inn, hostelry"
753,政党,zhèngdǎng,political party
754,取消,qǔxiāo,"cancel, abolish, nullify"
755,地面,dìmiàn,"(earth's) surface, ground, floor, region"
756,防止,fángzhǐ,"estop, guard against, preclude, prevention, inhibit, avoidance, help, cumber, prevent, forbid, prohibit, obviate, restrain, deter, avoid, head_off, debar, guard, help oneself, ward_off, constrain, ward, encumber, avert, ward off, disenable, forfend, shield, countercheck, forestall, keep_from, foreclose"
757,取消,qǔxiāo,"cancel, abolish, nullify"
758,言论,yánlùn,"lecture, open discussion, talking to, speech"
759,差别,chābié,"disparity, contrast, difference, discrepancy, differentiation, distinction, differential"
760,失望,shīwàng,"become disappointed, lose (hope/faith)"
761,建造,jiànzào,"build, construct, make"
762,代价,dàijià,"reward, cost, cost (of doing sth.), forfeit, expense, damage, wages, payoff, terms, toll, price, wage"
763,戴,dài,"wear, put on (of accessories)"
764,跟,gēn,follow
765,常见,chángjiàn,commonly seen
766,房地产,fángdìchǎn,"blockbuster, real estate, realty, real_estate, real property, property"
767,食品,shípǐn,"menu, vivers, viand, chow, eatable, provisions, tuck, foodstuff, viands, nourishment, comestible, tack, nutrient, victual, food, grocery, victualage, cuisine"
768,个别,gèbié,"specifically, very few, specific, one or two exceptional, individual, exceptional"
769,建造,jiànzào,"build, construct, make"
770,来宾,láibīn,"guest, visitant, invitee, visitor"
771,重复,chóngfù,"repeat, duplicate"
772,兼,jiān,"hold two or more jobs concurrently, do concurrently"
773,意外,yìwài,"accident, mishap"
774,秒,miǎo,"chronograph, m.[standard], ,s, sec, second"
775,全体,quántǐ,"great, entirety, general, ensemble, altogether, collectivity, entire, totality, whole body, whole, all, pie, crew, be-all, plenary assembly, en_bloc, wholeness, gamut"
776,方,fāng,"direction, place, region"
777,没想到,méixiǎngdào,unexpectedly
778,足以,zúyǐ,sufficient/enough to
779,损失,sǔnshī,loss
780,当场,dāngcháng,"on the spot, then and there"
781,舒服,shūfú,comfortable
782,凭,píng,"based on, according to"
783,手术,shǒushù,operation
784,之内,zhīnèi,"inside of, among, within"
785,信任,xìnrèn,"trust, have confidence in"
786,血,xiě,"claret, blood, hematic, lifeline, lifeblood, sap"
787,信任,xìnrèn,"trust, have confidence in"
788,公务员,gōngwùyuán,"jobholder, servant, public_servant, official, government official worker, functionary, government employee, public servant, officeholder, officialdom, officer, orderly, civil servant, government officials"
789,浪漫,làngmàn,"dissolute, debauched, romantic"
790,业界,yèjiè,business circles
791,栋,dòng,"ridgepole, m.[general],"
792,暴力,bàolì,"violence, force"
793,腿,tuǐ,"ham, a leg-like support, underpinning, thigh, gamb, shank, supporter, leg"
794,充实,chōngshí,"substantiate, enrich, replenish"
795,公会,gōnghuì,"gild, trade association, consortia, lodge, club, order, governance, professional club, organisation, corporation, professional association, fellowship, consortium, establishment, organization, administration, society, trade council, guild, brass"
796,也就是说,yějiùshìshuō,i.e.
797,升级,shēngjí,"upgrade, go up (in grade/etc.), escalate"
798,指示,zhǐshì,"indicate, point out, instruct"
799,充实,chōngshí,"substantiate, enrich, replenish"
800,古蹟,gǔjī,"antiquity, high spot, national monument"
801,还,hái,"even/still more, in addition, passably, fairly, even"
802,紧急,jǐnjí,"urgent, critical"
803,创业,chuàngyè,"start undertaking, do pioneering work"
804,新竹市,xīnzhúshì,Hsin Chu(city in Taiwan)
805,创业,chuàngyè,"start undertaking, do pioneering work"
806,里头,lǐtóu,"inside, interior"
807,基因,jīyīn,gene
808,崇拜,chóngbài,"worship, adore"
809,风景,fēngjǐng,"view, aspect, vista, panorama, scenery, prospect, scene, sight, landscape"
810,也好,yěhǎo,"particle: showing hesitant acceptance; (in ~也好, ~也好/罷) showing the acceptance or introduction of choices"
811,日期,rìqí,"calendar, when, date"
812,佛教,fójiào,"Bodhisattva, Buddhist religion, Buddhism"
813,一一,yīyī,"one_by_one, one after another, one at a time, one by one"
814,当局,dāngjú,"authorities, (appropriate, concerned) authorities, authority, (appropriate/concerned) authorities, authorization"
815,进,jìn,"receive, eat, drink, take, introduce"
816,格式,géshì,"pattern, form, a style, a format, etiquette, format, style, the form of characters or letters"
817,北部,běibù,"the north, the northern part of the country, northern part"
818,吸食,xīshí,"suck, take in (liquids/narcotics/etc)"
819,天天,tiāntiān,"everyday, every_day, daily, every day, each day"
820,现况,xiànkuàng,current situation
821,纸,zhǐ,paper
822,货,huò,"commodity, idiot, money, blockhead, loading, goods"
823,相反,xiāngfǎn,"offending, adverse, opposite, converse, opposite, contrary, oppose, reverse"
824,按照,ànzhào,"according to, in the light of, on the basis of"
825,特,tè,"unusual, special, extraordinarily"
826,吸食,xīshí,"suck, take in (liquids/narcotics/etc)"
827,见面,jiànmiàn,"meet, see"
828,发动,fādòng,"start, launch, mobilize, arouse"
829,公顷,gōngqīng,m.[standard]
830,主机,zhǔjī,"leader, lead plane, mainframe computer, host, server, mainframe, main engine"
831,随便,suíbiàn,"informal, willful, do as one pleases, wanton, casual, random, careless"
832,资本,zīběn,"capitalization, principal, principal sum, finance, sth. capitalized on, corpus, working capital, capital"
833,发动,fādòng,"start, launch, mobilize, arouse"
834,装,zhuāng,"install, fit, assemble, load, pack, hold"
835,走进,zǒujìn,"enter, step_in, walk in, go in"
836,分类,fēnlèi,sort
837,别,bié,"det.: other, another"
838,泰国,tàiguó,"Siam, Thai, Thailand"
839,伦敦,lúndūn,"capital of the United Kingdom, Greater London, metropolis, London, British capital"
840,秘书,mìshū,"secretarial, secretary, clerk, amanuensis, secretarial assistant"
841,部属,bùshǔ,"category, troops under one's command, staff, subordinate"
842,高度,gāodù,"highly, greatly"
843,问卷,wènjuàn,questionnaire
844,干净,gānjìng,"clean, clear"
845,肝炎,gānyán,hepatitis
846,来临,láilín,"arrive, come, approach"
847,胡,hú,"non-Han peoples in North/West, whiskers, non-Han peoples in West, moustache, dewlap, non-Han peoples in North, non-Han nationalities living in the north and west, beard, Hu, Surname, moustache, beard or whiskers"
848,保证,bǎozhèng,"pledge, guarantee"
849,能否,néngfǒu,can or not
850,肚子,dùzi,"kyte, venter, womb, tummy, belly, stomach, paunch, abdomen, breadbasket, wame, tripe"
851,地震,dìzhèn,quake
852,指定,zhǐdìng,"earmark, appointed, specify, set, domicile, appointment, ticket, fix, name, delegate, specified, express, named, consign, designate, assignment, state, depute, appoint, nominate, dictate, assign, destine, determine"
853,时常,shícháng,"now_and_again, always, frequently, from_time_to_time, somewhile, oft, often"
854,民营,mínyíng,privately run (of enterprises)
855,确保,quèbǎo,"secure, insure, ensure, assure, reassure, guarantee"
856,新台币,xīntáibì,New Taiwanese dollars
857,喊,hǎn,"cry out, yell"
858,途径,tújìng,"track, path, pathway, footpath, avenue, gateway, channel, road, way, pipeline, curriculum"
859,民营,mínyíng,privately run (of enterprises)
860,一路,yīlù,"taking the same route, throughtout the journey, all the way, all along, going the same way, through"
861,输出,shūchū,export
862,敏感,mǐngǎn,"subtle, susceptible, vulnerable, be sensitive, sensitive"
863,温暖,wēnnuǎn,warm
864,可怕,kěpà,"fearful, terrible"
865,生理,shēnglǐ,"physiological, peristalsis, autacoid, endocrinology, chyle, diastole, chyme, physiology, phagocyte"
866,月亮,yuèliàng,"moonlight, Cynthia, moon, lune, Phoebe, Diana, lunar"
867,输出,shūchū,export
868,癌,yán,"tumor, sarcoma, leukemia, cancerous, melanoma, malignant tumor, cancer, malignancy, neoplasm, carcinoma"
869,温暖,wēnnuǎn,warm
870,动机,dòngjī,"motif, need, reason, instance, ground, incentive, signal, intention, motive, motivation, inducement, cause"
871,连,lián,"in succession, one after another"
872,带领,dàilǐng,"lead (army/party/etc.), guide"
873,东南亚,dōngnányǎ,Southeast Asia
874,印表机,yìnbiǎojī,printer
875,成分,chéngfèn,"constitution, class/economic status, composition, economic status, component_part, ingredient, one's profession or economic status, profession, component part, grammatical constituent, class, constituent, one's class status, class status, element, component, metal"
876,据了解,jùliǎojiě,"according to hearsay, it is said that"
877,儒家,rújiā,Confucian school
878,可怕,kěpà,"fearful, terrible"
879,教育,jiàoyū,"educate, teach, inculcate"
880,设法,shèfǎ,"contrive, think up a method, devise, try"
881,储存,chúcún,"lay in/up, store, stockpile"
882,搭配,dāpèi,"group, pair"
883,传输,chuánshū,"transmission, transmit"
884,离,lí,distant/apart from
885,图书,túshū,"picture_book, books"
886,搭配,dāpèi,"group, pair"
887,高科技,gāokējì,"high technology, high tech"
888,治,zhì,"study, research, cure, govern, treat, government, eliminate, harness, rule, manage, wipe out, management, administration, administer, control, punish, treat (disease)"
889,门口,ménkǒu,"porch, portal, doorway, gateway, threshold, room access, door, entering, entrance"
890,外在,wàizài,"external, extrinsic"
891,储存,chúcún,"lay in/up, store, stockpile"
892,符号,fúhào,"sign, denotation, mark, icon, symbolical, symbol, notation, token, insignia, note, symbolic"
893,风貌,fēngmào,"view, scene, elegant appearance and bearing, appearance, style and features, style and feature"
894,名词,míngcí,"phrase, noun, term, synonym, substantive, name"
895,合并,hébìng,"merge, amalgamate"
896,利润,lìrùn,profit
897,合并,hébìng,"merge, amalgamate"
898,抢,qiǎng,"pillage, loot, vie for (work/etc.)"
899,干,gàn,"do, work, fight"
900,无数,wúshù,"countlessness, thousand, limitlessness, infinitude, boundlessness, trillions, millions, myriad, innumerableness, unboundedness, billions, zillions, jillions, host, countless, legion, det.: innumerable, incalculability, million, infiniteness, innumerability, immensity, umpteen"
901,奥运,àoyùn,"Olimpic Games, Olympic Games"
902,就,jiù,"exactly, precisely, only, merely, just"
903,句子,jùzi,sentence
904,娱乐,yúlè,"amusement, entertainment, recreation"
905,百货,bǎihuò,general merchandise
906,分子,fènzǐ,member
907,厉害,lìhài,"terrible, devastating, tough, sharp"
908,零,líng,"det.: zero, naught, nil"
909,厉害,lìhài,"terrible, devastating, tough, sharp"
910,残障,cánzhàng,handicapped
911,国语,guóyǔ,"putonghua, standard language, language, standard Chinese pronunciation, Mandarin Chinese, national language written and spoken, textbook for middle school students, middle school students, Mandarin, mandarin, textbook for primary, textbook for primary/middle school students, textbook for primary school students, vernacular, Mandarin_Chinese, common speech"
912,少女,shàonǔ,"signorina, tomato, puss, teens, Gill, bobbysocker, gill, trick, nymph, chick, pussy, missy, maiden, wench, bobbysoxer, demoiselle, girlish, damsel, girl, sheila, miss, jeune fille, squab, wren, pigeon, colleen, maid, burd, bud, lassie, virgin, girlishness, number, gal, skirt, fille, teenager, quean, lass, quail, shrimp, young girl, maidish"
913,作,zuò,"regard as, take sb. or sth. for, act as, be, become"
914,教堂,jiàotáng,"tabernacle, kirk, house_of_God, church, temple, fane, cathedral, church building, bema"
915,许,xǔ,det.: or so
916,风险,fēngxiǎn,"peril, danger, risk, hazard"
917,教科书,jiàokēshū,textbook
918,黑色,hēisè,black
919,资深,zīshēn,senior
920,就读,jiùdú,"study, attend school"
921,晓得,xiǎode,"tell, know, ken"
922,请问,qǐngwèn,"Excuse me, may I ask...?"
923,增进,zēngjìn,"enhance, promote, further"
924,赢得,yíngdé,"nail down, rake_in, carry_off, nail, peg, conquer, try_for, gain, turn, win, garner, claim, earn, carry, capture, take, notch, nobble"
925,犯罪,fànzuì,commit crime/offense
926,台币,táibì,Taiwanese dollars
927,犯罪,fànzuì,commit crime/offense
928,偶尔,ǒuěr,"once in a blue moon, from time to time, hardly ever, every so often, now and again, seldom, infrequently, on occasion, rarely, betweenwhiles, scarcely, unusually, occasionally, sporadically, every now and then, at times, now and then, once in a while"
929,培训,péixùn,"cultivate, train"
930,譬如说,pìrúshuō,"for example, such as"
931,上帝,shàngdì,"Creator, god, Yahveh, Almighty, almighty, Godhead, Jehovah, Being, Supreme_Being, God Almighty, Maker, Allah, deity, omnipotent, king, abba, Omniscience, omniscient, God, creator, Providence, Omnipotence, Deus, providence, Divine, lording, Lord, lord, maker, Supreme Being, judge, Dominus, Heaven, All-father, Adonai, Father-God, divinity, Father"
932,种,zhòng,"plant, cultivate, sow"
933,辈子,bèizi,"all one's life, lifetime"
934,笔者,bǐzhě,"I, the author, (present) writer, penman, author, writer, spook, the author"
935,丧失,sàngshī,"cost, forfeiture, forfeit, give_away, lapse, loss, bereaved, lose, jump"
936,部长,bùzhǎng,"commissar, manager, superintendent, cabinet minister, head of a section, minister, political commissar, ministerial, secretary, government minister, president, head of a department"
937,寂寞,jímò,be lonely
938,培训,péixùn,"cultivate, train"
939,设有,shèyǒu,set/put up
